Bed Name,Site Code,Survey Day,Survey Month,Survey Year,Acres,Temp_t,Temp_offset_minus1,Temp_offset_minus2,Temp_offset_minus3,Temp_offset_minus4,PctAcreChange
Biz Point,BZPT,25.0,7.0,2017.0,0.4623559216720856,11.0,11.0,11.0,11.0,11.0,
Biz Point,BZPT,13.0,8.0,2018.0,0.6510771934464323,12.0,11.0,12.0,12.0,12.0,40.817314741389346
Biz Point,BZPT,26.0,8.0,2019.0,0.7107156898949345,12.0,12.0,11.0,12.0,12.0,9.159973202687354
Biz Point,BZPT,23.0,7.0,2020.0,0.7271062757622216,11.0,12.0,12.0,11.0,11.0,2.3062085304054847
Biz Point,BZPT,20.0,8.0,2021.0,0.9248581166954736,12.0,12.0,12.0,12.0,11.0,27.19710275171945
Biz Point,BZPT,8.0,9.0,2022.0,0.9856844520644132,,,,12.0,12.0,6.576828842273952
Biz Point,BZPT,13.0,8.0,2023.0,0.9360303245369036,12.0,12.0,12.0,12.0,12.0,-5.037527722336921
Biz Point,BZPT,16.0,9.0,2024.0,1.039651898232674,,,,,,11.070322293995826
Biz Point,BZPT-S,13.0,8.0,2023.0,0.2991551645939199,,,,,,
