Bed Name,Site Code,Survey Day,Survey Month,Survey Year,Acres,Temp_t,Temp_offset_minus1,Temp_offset_minus2,Temp_offset_minus3,Temp_offset_minus4,PctAcreChange
Cherry Point-Gulf Rd,CHPT,4.0,9.0,2017.0,29.37964324472371,13.325000000000001,13.325000000000001,13.325000000000001,13.325000000000001,13.325000000000001,
Cherry Point-Gulf Rd,CHPT,8.0,8.0,2018.0,25.13829955287955,13.0,13.209,13.209,13.209,13.209,-14.436334902078373
Cherry Point-Gulf Rd,CHPT,13.0,8.0,2019.0,17.08582308858345,14.0,13.0,13.209,13.209,13.209,-32.03270152524578
Cherry Point-Gulf Rd,CHPT,1.0,9.0,2020.0,33.13075904827389,13.3,14.0,13.0,13.325000000000001,13.325000000000001,93.90789004722564
Cherry Point-Gulf Rd,CHPT,10.0,8.0,2021.0,14.21437024859206,13.335,13.3,14.0,13.0,13.209,-57.096152768849315
Cherry Point-Gulf Rd,CHPT,11.0,8.0,2022.0,34.69968542772929,13.61,13.335,13.3,14.0,13.0,144.1169381469173
Cherry Point-Gulf Rd,CHPT,3.0,8.0,2023.0,19.68324679842806,12.1,13.61,13.335,13.3,14.0,-43.2754315902278
Cherry Point-Gulf Rd,CHPT,1.0,9.0,2024.0,24.55885150377195,13.350000000000001,12.1,13.61,13.335,13.3,24.770327554564165
