Bed Name,Site Code,Survey Day,Survey Month,Survey Year,Acres,Temp_t,Temp_offset_minus1,Temp_offset_minus2,Temp_offset_minus3,Temp_offset_minus4,PctAcreChange
Clallam Bay,CLLB,23.0,7.0,2017.0,25.12805293191998,12.0,13.466666666666667,13.466666666666667,13.466666666666667,13.466666666666667,
Clallam Bay,CLLB,16.0,7.0,2018.0,18.76749881032586,14.0,12.0,13.466666666666667,13.466666666666667,13.466666666666667,-25.31256257230482
Clallam Bay,CLLB,19.0,7.0,2019.0,22.33161811806455,14.4,14.0,12.0,13.466666666666667,13.466666666666667,18.990912661082547
Clallam Bay,CLLB,23.0,7.0,2020.0,13.13631626309462,13.466666666666667,14.4,14.0,12.0,13.466666666666667,-41.17615573737419
Clallam Bay,CLLB,23.0,8.0,2021.0,15.31502332199931,14.445,13.195,14.4,14.0,12.0,16.585373062504473
Clallam Bay,CLLB,29.0,8.0,2022.0,12.72818229315502,11.945,14.445,13.195,14.4,14.0,-16.890872279171887
