Bed Name,Site Code,Survey Day,Survey Month,Survey Year,Acres,Temp_t,Temp_offset_minus1,Temp_offset_minus2,Temp_offset_minus3,Temp_offset_minus4,PctAcreChange
Coffin Rocks,COFF,26.0,9.0,2016.0,1.282634687737067,11.0,11.566666666666668,11.566666666666668,11.566666666666668,11.566666666666668,
Coffin Rocks,COFF,6.0,8.0,2017.0,1.281512766394583,12.0,11.0,12.211666666666666,12.211666666666666,12.211666666666666,-0.0874700608996748
Coffin Rocks,COFF,10.0,8.0,2018.0,1.326819342600746,13.0,12.0,11.0,12.211666666666666,12.211666666666666,3.5353979604611396
Coffin Rocks,COFF,25.0,9.0,2019.0,1.335529503479387,12.0,13.0,12.0,11.0,11.566666666666668,0.6564692418161489
Coffin Rocks,COFF,17.0,8.0,2020.0,1.40308226751293,12.6,12.0,13.0,12.0,11.0,5.058125923654333
Coffin Rocks,COFF,5.0,8.0,2021.0,1.695370600907548,12.5,12.6,12.0,13.0,12.0,20.831874235907865
Coffin Rocks,COFF,25.0,8.0,2022.0,1.68424180031315,11.67,12.5,12.6,12.0,13.0,-0.6564228840844955
Coffin Rocks,COFF,15.0,8.0,2023.0,1.62153391465468,11.5,11.67,12.5,12.6,12.0,-3.7232115748944583
Coffin Rocks,COFF,16.0,9.0,2024.0,1.766295423807352,11.7,11.5,11.67,12.5,12.6,8.92744258041005
