Bed Name,Site Code,Survey Day,Survey Month,Survey Year,Acres,Temp_t,Temp_offset_minus1,Temp_offset_minus2,Temp_offset_minus3,Temp_offset_minus4,PctAcreChange
Freshwater Bay 1,FWB,19.0,8.0,2016.0,169.6961176419129,14.0,11.85,11.85,11.85,11.85,
Freshwater Bay 1,FWB,20.0,8.0,2017.0,168.8712670368248,11.85,14.0,11.85,11.85,11.85,-0.4860751186003376
Freshwater Bay 1,FWB,20.0,7.0,2019.0,117.8605333294098,14.0,13.805,13.805,14.0,13.805,-30.20687568850382
Freshwater Bay 1,FWB,19.0,8.0,2020.0,112.6657642355278,11.85,14.0,11.85,11.85,14.0,-4.407556072534547
Freshwater Bay 1,FWB,27.0,7.0,2021.0,128.5099240583174,13.805,13.805,14.0,13.805,13.805,14.062976388876569
Freshwater Bay 1,FWB,31.0,7.0,2022.0,41.87291281515778,13.61,13.805,13.805,14.0,13.805,-67.41659204766475
Freshwater Bay 1,FWB,14.0,8.0,2023.0,121.9744270375003,11.850000000000001,13.61,11.85,11.85,14.0,191.29673298807668
Freshwater Bay 1,FWB,22.0,8.0,2024.0,145.5984661335354,9.7,11.850000000000001,13.61,11.85,11.85,19.368026290274788
