Bed Name,Site Code,Survey Day,Survey Month,Survey Year,Acres,Temp_t,Temp_offset_minus1,Temp_offset_minus2,Temp_offset_minus3,Temp_offset_minus4,PctAcreChange
Freshwater Bay 2,FWBO,2.0,7.0,2016.0,0.7064909636655914,13.0,14.611666666666666,14.611666666666666,14.611666666666666,14.611666666666666,
Freshwater Bay 2,FWBO,17.0,9.0,2017.0,0.9294016245326814,10.0,13.0,10.193333333333333,10.193333333333333,10.193333333333333,31.551806368552793
Freshwater Bay 2,FWBO,10.0,8.0,2018.0,1.436844705113017,13.0,10.0,13.0,12.475,12.475,54.59890182949556
Freshwater Bay 2,FWBO,18.0,7.0,2019.0,0.9695576024992156,15.0,13.0,10.0,13.0,14.611666666666666,-32.52175415693558
Freshwater Bay 2,FWBO,19.0,8.0,2020.0,0.6359436258892753,12.475,15.0,13.0,10.0,13.0,-34.408886666453654
Freshwater Bay 2,FWBO,7.0,9.0,2021.0,0.932311879482562,10.555,10.193333333333333,15.0,13.0,10.0,46.60291282562326
Freshwater Bay 2,FWBO,31.0,7.0,2022.0,0.7826335311440108,15.835,10.555,14.611666666666666,15.0,13.0,-16.05453621610222
Freshwater Bay 2,FWBO,31.0,8.0,2023.0,0.5865375216454825,11.95,15.835,10.555,12.475,15.0,-25.055917194333077
Freshwater Bay 2,FWBO,1.0,9.0,2024.0,1.357187289827875,10.025,11.95,15.835,10.555,10.193333333333333,131.3896792178612
