Bed Name,Site Code,Survey Day,Survey Month,Survey Year,Acres,Temp_t,Temp_offset_minus1,Temp_offset_minus2,Temp_offset_minus3,Temp_offset_minus4,PctAcreChange
Hat Island,HAT-S,24.0,8.0,2017.0,27.03951246306165,15.0,16.2,16.2,16.2,16.2,
Hat Island,HAT-S,13.0,8.0,2018.0,32.96851548224522,16.2,15.0,16.2,16.2,16.2,21.927181665287463
Hat Island,HAT-S,12.0,8.0,2019.0,40.19816177668257,15.0,16.2,15.0,16.2,16.2,21.92894095680704
Hat Island,HAT-S,17.0,8.0,2020.0,15.41762739558396,16.0,15.0,16.2,15.0,16.2,-61.64593923166123
Hat Island,HAT-S,10.0,8.0,2021.0,27.21370851983236,18.0,16.0,15.0,16.2,15.0,76.51035286808869
Hat Island,HAT-S,11.0,8.0,2022.0,14.19504801463806,18.0,18.0,16.0,15.0,16.2,-47.83861227773044
Hat Island,HAT-S,14.0,8.0,2023.0,38.93304023872739,15.2,18.0,18.0,16.0,15.0,174.2719869533326
Hat Island,HAT-S,16.0,9.0,2024.0,60.45122855173041,14.0,15.2,18.0,18.0,16.0,55.26973537401398
