Bed Name,Site Code,Survey Day,Survey Month,Survey Year,Acres,Temp_t,Temp_offset_minus1,Temp_offset_minus2,Temp_offset_minus3,Temp_offset_minus4,PctAcreChange
Lummi SW,LMMI-SW,5.0,8.0,2017.0,2.562993343337811,14.286666666666667,14.286666666666667,14.286666666666667,14.286666666666667,14.286666666666667,
Lummi SW,LMMI-SW,11.0,8.0,2018.0,3.050642071585538,13.0,14.286666666666667,14.286666666666667,14.286666666666667,14.286666666666667,19.026531204823847
Lummi SW,LMMI-SW,2.0,8.0,2019.0,2.198209339841837,16.0,13.0,14.286666666666667,14.286666666666667,14.286666666666667,-27.942731783694896
Lummi SW,LMMI-SW,16.0,8.0,2020.0,1.94175264212293,16.7,16.0,13.0,14.286666666666667,14.286666666666667,-11.666618509470961
Lummi SW,LMMI-SW,9.0,8.0,2021.0,2.964306474271297,14.719999999999999,16.7,16.0,13.0,14.286666666666667,52.66138487291576
Lummi SW,LMMI-SW,13.0,8.0,2022.0,2.660643449027656,12.5,14.719999999999999,16.7,16.0,13.0,-10.243982121257867
Lummi SW,LMMI-SW,31.0,7.0,2023.0,2.536696174500444,11.85,12.5,14.719999999999999,16.7,16.0,-4.658545081360266
Lummi SW,LMMI-SW,17.0,8.0,2024.0,3.480672814814636,12.8,11.85,12.5,14.719999999999999,16.7,37.21283809244878
