Bed Name,Site Code,Survey Day,Survey Month,Survey Year,Acres,Temp_t,Temp_t_minus1,Temp_t_minus2,Temp_t_minus3,Temp_t_minus4,PctAcreChange
Polnell Point,POLN,30.0,8.0,2016.0,36.72804001266616,17.0,14.794999999999998,14.794999999999998,14.794999999999998,14.794999999999998,
Polnell Point,POLN,18.0,9.0,2017.0,27.43211920760829,13.700000000000001,17.0,13.700000000000001,13.700000000000001,13.700000000000001,-25.310146694057313
Polnell Point,POLN,10.0,9.0,2018.0,75.7096873910009,13.0,13.700000000000001,17.0,13.700000000000001,13.700000000000001,175.9892038162434
Polnell Point,POLN,26.0,9.0,2019.0,47.31235013600108,15.0,13.0,13.700000000000001,17.0,13.700000000000001,-37.50819509839268
Polnell Point,POLN,31.0,8.0,2020.0,41.30371607838064,13.55,15.0,13.0,14.794999999999998,17.0,-12.699927271311617
Polnell Point,POLN,24.0,8.0,2021.0,36.42661564578258,13.7,13.55,15.0,13.0,14.794999999999998,-11.807897437951953
Polnell Point,POLN,11.0,9.0,2022.0,17.56186463394933,13.1,13.7,13.55,15.0,13.0,-51.788371434987766
Polnell Point,POLN,15.0,8.0,2023.0,38.71291760867629,15.45,13.1,13.7,13.55,15.0,120.43739896411267
Polnell Point,POLN,21.0,8.0,2024.0,35.73099687493362,14.275,15.45,13.1,13.7,13.55,-7.702650479317952
