Bed Name,Site Code,Survey Day,Survey Month,Survey Year,Acres,Temp_t,Temp_offset_minus1,Temp_offset_minus2,Temp_offset_minus3,Temp_offset_minus4,PctAcreChange
Possession Point,POSS,24.0,8.0,2017.0,21.48492019100219,13.0,15.382142857142856,15.382142857142856,15.382142857142856,15.382142857142856,
Possession Point,POSS,14.0,8.0,2018.0,38.00233083091084,16.0,13.0,15.382142857142856,15.382142857142856,15.382142857142856,76.87908771858547
Possession Point,POSS,16.0,8.0,2019.0,60.67091155370715,15.0,16.0,13.0,15.382142857142856,15.382142857142856,59.65050097495028
Possession Point,POSS,31.0,8.0,2020.0,51.08569876322605,14.75,15.0,16.0,13.0,15.382142857142856,-15.798695857727585
Possession Point,POSS,11.0,8.0,2021.0,65.7338868649602,16.75,14.75,15.0,16.0,13.0,28.673754996728395
Possession Point,POSS,10.0,9.0,2022.0,88.63036112573265,14.25,16.75,14.75,15.0,16.0,34.83207117785323
Possession Point,POSS,14.0,8.0,2023.0,85.88719954864276,17.3,14.25,16.75,14.75,15.0,-3.0950585580920675
Possession Point,POSS,16.0,8.0,2024.0,75.56470729914584,14.875,17.3,14.25,16.75,14.75,-12.0186620401457
